CustomerID,Age,Gender,Annual_Income_Lakhs,Spending_Score,Purchase_Frequency,Recency_Days,Preferred_Category,Cluster,PCA1,PCA2,Segment_Name
CUST1490,53,Female,9.0,59,9,58,Beauty,3,-0.3511201292090761,1.1126562997179992,Steady Regulars
CUST1430,26,Male,5.8,51,9,45,Sports,2,-0.3679283619796968,-1.3246558830857331,Budget Enthusiasts
CUST1083,35,Male,16.9,89,21,20,Beauty,0,1.958340380084933,0.379472345138531,Premium Loyalists
CUST1121,44,Male,22.2,29,6,42,Fashion,4,-0.5038292903775025,1.9712916628174515,Affluent Disengaged
CUST1222,21,Female,8.3,74,12,23,Groceries,2,0.7305840081652999,-1.5795710022719671,Budget Enthusiasts
CUST1148,43,Male,15.7,19,5,90,Sports,4,-1.6196913857496114,1.3119180887686972,Affluent Disengaged
CUST1033,34,Male,11.6,96,28,10,Home & Kitchen,0,2.519702103738477,-0.3357561627943067,Premium Loyalists
CUST1386,37,Female,3.4,19,1,107,Fashion,1,-2.5199781133763364,-0.4755875442196605,Price-Sensitive / At Risk
CUST1201,41,Female,6.3,77,11,18,Electronics,3,0.6328165958009181,-0.2708820387113987,Steady Regulars
CUST1482,47,Male,8.7,37,12,44,Sports,3,-0.4513320508598864,0.6809262468715772,Steady Regulars
CUST1296,34,Male,6.3,81,15,42,Fashion,2,0.723863858121191,-0.7875588531747635,Budget Enthusiasts
CUST1262,25,Female,6.0,64,21,27,Home & Kitchen,2,0.9618484237546684,-1.4771018148221582,Budget Enthusiasts
CUST1434,25,Male,8.0,42,13,29,Electronics,2,-0.0174310012449181,-1.1533293466738668,Budget Enthusiasts
CUST1475,51,Male,10.4,62,15,33,Groceries,3,0.4875642501535998,1.0481299801338078,Steady Regulars
CUST1460,45,Female,12.4,65,13,31,Sports,3,0.5435073177949363,0.7876844347523412,Steady Regulars
CUST1458,59,Female,7.6,50,15,38,Groceries,3,0.0219852874608318,1.4211281606296176,Steady Regulars
CUST1356,51,Male,3.2,23,5,132,Electronics,1,-2.5394748139624905,0.6163633900987181,Price-Sensitive / At Risk
CUST1467,22,Male,5.7,61,15,14,Fashion,2,0.6550171839061876,-1.7514114904135514,Budget Enthusiasts
CUST1116,42,Female,12.9,25,5,110,Groceries,4,-1.8310263592615943,0.9376888211544274,Affluent Disengaged
CUST1404,32,Female,3.5,22,2,105,Fashion,1,-2.335976414491786,-0.869671930192338,Price-Sensitive / At Risk
CUST1014,46,Female,22.1,92,26,24,Electronics,0,2.4529294404367787,1.7981445991315486,Premium Loyalists
CUST1275,33,Female,6.0,95,20,16,Groceries,2,1.6866110473225844,-1.010902068420923,Budget Enthusiasts
CUST1309,33,Male,6.1,77,17,1,Sports,2,1.2734827301145049,-0.9490639584123712,Budget Enthusiasts
CUST1506,34,Male,6.9,53,13,39,Home & Kitchen,2,0.0248669634365594,-0.6050748438250715,Budget Enthusiasts
CUST1337,18,Male,6.1,23,4,83,Fashion,1,-1.7520168611763662,-1.7160473511967471,Price-Sensitive / At Risk
CUST1498,54,Female,11.5,48,9,27,Beauty,3,-0.1259406377485647,1.4544439852379698,Steady Regulars
CUST1133,64,Female,16.3,31,6,120,Beauty,4,-1.7255666546349673,3.011636959320387,Affluent Disengaged
CUST1376,40,Female,4.3,17,2,134,Fashion,1,-2.811719916359095,-0.0841266729179931,Price-Sensitive / At Risk
CUST1260,31,Female,3.1,64,18,8,Electronics,2,0.8640544463393943,-1.3661531117488577,Budget Enthusiasts
CUST1269,34,Male,5.0,88,22,24,Beauty,2,1.5253407840945017,-0.999261599121969,Budget Enthusiasts
CUST1279,27,Female,4.7,84,19,15,Sports,2,1.3655319062657816,-1.573510743603305,Budget Enthusiasts
CUST1497,42,Male,9.1,57,10,52,Fashion,3,-0.2030122937229941,0.2671829680606269,Steady Regulars
CUST1302,34,Male,4.2,65,10,22,Groceries,2,0.2028334978682408,-0.9854515301853586,Budget Enthusiasts
CUST1147,48,Male,15.8,31,8,64,Home & Kitchen,4,-0.8472316733159773,1.6077864148286658,Affluent Disengaged
CUST1026,36,Male,15.0,72,25,9,Sports,0,1.911046061257294,0.2977652329768402,Premium Loyalists
CUST1485,40,Male,8.2,47,9,9,Sports,3,0.0151197010488002,-0.0253571107773368,Steady Regulars
CUST1314,36,Male,6.9,67,18,7,Groceries,2,1.0597816405037177,-0.5740700893626816,Budget Enthusiasts
CUST1247,37,Male,4.9,79,18,28,Groceries,2,0.9901387385818096,-0.7289467613335602,Budget Enthusiasts
CUST1347,22,Female,5.6,21,5,154,Fashion,1,-2.643450844612914,-1.317659571358461,Price-Sensitive / At Risk
CUST1223,18,Male,6.2,98,18,16,Electronics,2,1.6913088817908877,-2.1641284911063448,Budget Enthusiasts
CUST1419,39,Male,5.6,32,5,59,Fashion,1,-1.2965121094008356,-0.2275285572830504,Price-Sensitive / At Risk
CUST1052,42,Female,15.8,85,29,14,Groceries,0,2.410468619082437,0.8025723616777205,Premium Loyalists
CUST1259,24,Male,6.1,69,18,18,Home & Kitchen,2,0.9910629568218008,-1.5807346924529613,Budget Enthusiasts
CUST1428,54,Male,8.3,26,15,36,Beauty,3,-0.4407008999072958,1.2103779075402197,Steady Regulars
CUST1041,43,Female,17.5,80,24,13,Home & Kitchen,0,2.0331762260844486,1.0900510744657128,Premium Loyalists
CUST1090,41,Female,17.5,96,29,21,Electronics,0,2.6349892291881223,0.8783418905759635,Premium Loyalists
CUST1207,21,Female,4.4,68,16,8,Electronics,2,0.9093813703899876,-2.0145633307481337,Budget Enthusiasts
CUST1240,30,Male,6.0,52,14,19,Beauty,2,0.3018207269660937,-1.048897783294177,Budget Enthusiasts
CUST1483,54,Female,9.0,47,12,31,Electronics,3,-0.0871393859243915,1.189000035112182,Steady Regulars
CUST1239,22,Male,3.6,75,17,25,Fashion,2,0.888668319395708,-2.0236463367595765,Budget Enthusiasts
CUST1505,27,Male,5.7,55,13,36,Sports,2,0.0931967567311053,-1.2947126223308738,Budget Enthusiasts
CUST1311,27,Female,5.8,89,24,26,Fashion,2,1.716572136951794,-1.4555474250324665,Budget Enthusiasts
CUST1004,45,Male,13.7,73,20,20,Electronics,0,1.375182019873003,0.8717711413309077,Premium Loyalists
CUST1180,33,Female,14.2,42,8,97,Electronics,4,-1.003834255028491,0.2832211322267695,Affluent Disengaged
CUST1249,39,Male,2.9,76,24,15,Sports,2,1.4057548578585437,-0.8094831628196534,Budget Enthusiasts
CUST1293,21,Male,5.9,87,17,10,Beauty,2,1.429506605682714,-1.927908580129976,Budget Enthusiasts
CUST1066,44,Female,18.5,78,25,9,Beauty,0,2.137321351238079,1.2783891859172416,Premium Loyalists
CUST1139,55,Male,16.9,27,6,112,Fashion,4,-1.654889350909711,2.381808655448604,Affluent Disengaged
CUST1437,40,Male,8.1,53,11,49,Fashion,3,-0.215525882075431,0.0127806157289797,Steady Regulars
CUST1304,25,Male,7.0,58,9,22,Groceries,2,0.1205421240860636,-1.3438867447380354,Budget Enthusiasts
CUST1114,46,Female,17.8,41,6,88,Home & Kitchen,4,-0.9744214602558896,1.6768623457677838,Affluent Disengaged
CUST1469,54,Female,7.8,50,14,30,Beauty,3,0.0827331600639623,1.040692404055308,Steady Regulars
CUST1169,37,Male,17.2,24,5,89,Sports,4,-1.4154418074547397,0.988501954864901,Affluent Disengaged
CUST1102,47,Male,14.0,80,26,7,Groceries,0,2.0971538990128504,1.001734587813316,Premium Loyalists
CUST1373,35,Male,5.7,45,4,144,Beauty,1,-2.104972870653817,-0.4204876436365569,Price-Sensitive / At Risk
CUST1214,24,Female,3.1,90,19,22,Home & Kitchen,2,1.3673512329500754,-1.995257468653605,Budget Enthusiasts
CUST1406,53,Female,6.4,15,3,128,Home & Kitchen,4,-2.694768949108397,1.152465960920637,Affluent Disengaged
CUST1502,60,Male,6.0,46,8,34,Electronics,3,-0.5502284561102964,1.3356738856836,Steady Regulars
CUST1461,26,Male,9.2,44,12,26,Fashion,2,0.0363833651440352,-0.9572156132991548,Budget Enthusiasts
CUST1338,29,Male,3.9,41,1,63,Groceries,1,-1.4327271895588116,-1.2197281000531972,Price-Sensitive / At Risk
CUST1452,45,Male,8.8,40,18,38,Sports,3,0.1049746793138488,0.5091904478618839,Steady Regulars
CUST1194,51,Male,15.6,33,4,107,Home & Kitchen,4,-1.6236625608845785,1.8938273483035324,Affluent Disengaged
CUST1061,26,Female,16.0,86,15,20,Sports,0,1.494800172847361,-0.4016290607103607,Premium Loyalists
CUST1417,22,Female,5.0,28,4,83,Sports,1,-1.6979693591913063,-1.5487270135525908,Price-Sensitive / At Risk
CUST1315,18,Male,6.5,81,19,22,Fashion,2,1.3165069522403954,-2.046735333088721,Budget Enthusiasts
CUST1119,38,Female,12.4,44,7,105,Groceries,4,-1.212536371566484,0.4796268953297364,Affluent Disengaged
CUST1370,31,Female,5.0,27,3,124,Beauty,1,-2.3336900228915125,-0.7677418816900212,Price-Sensitive / At Risk
CUST1426,36,Male,6.2,50,11,20,Electronics,3,0.0247277916540099,-0.5492983633070774,Steady Regulars
CUST1110,26,Male,15.9,78,26,16,Electronics,0,2.1012307200031786,-0.3917039470668363,Premium Loyalists
CUST1348,34,Female,5.3,19,2,104,Beauty,1,-2.333622351444561,-0.5049579067199751,Price-Sensitive / At Risk
CUST1450,47,Male,11.8,41,12,46,Sports,3,-0.2742665450176968,1.009387687869128,Steady Regulars
CUST1362,24,Female,5.2,27,1,44,Sports,1,-1.440516738179092,-1.4398593461784053,Price-Sensitive / At Risk
CUST1091,43,Female,19.0,91,24,10,Electronics,0,2.369835720040306,1.2022797127817693,Premium Loyalists
CUST1156,43,Female,15.5,28,5,106,Home & Kitchen,4,-1.6244989172155349,1.2814552528405316,Affluent Disengaged
CUST1264,29,Male,5.8,63,9,18,Beauty,2,0.2204492998017339,-1.1952132016905797,Budget Enthusiasts
CUST1307,29,Female,5.2,72,30,26,Groceries,2,1.710425032835056,-1.296444836926179,Budget Enthusiasts
CUST1031,53,Male,19.2,79,23,14,Home & Kitchen,0,1.9499037610543508,2.059938242165798,Premium Loyalists
CUST1023,47,Female,19.9,68,22,2,Sports,0,1.8376643862234483,1.6969824253938228,Premium Loyalists
CUST1306,23,Female,5.5,90,19,32,Electronics,2,1.335210792891897,-1.7890575029888087,Budget Enthusiasts
CUST1032,35,Male,15.0,85,26,10,Sports,0,2.259696727736322,0.1654187991739199,Premium Loyalists
CUST1238,22,Male,6.3,86,11,2,Sports,2,1.1134898747734905,-1.8138808735080807,Budget Enthusiasts
CUST1327,23,Male,4.5,26,3,123,Groceries,1,-2.3271420226399107,-1.4409658975772135,Price-Sensitive / At Risk
CUST1053,28,Female,24.4,81,18,10,Beauty,0,2.0054479308167985,0.6809313862739927,Premium Loyalists
CUST1491,32,Male,10.2,61,8,20,Electronics,2,0.2310097775702994,-0.4642218599624563,Budget Enthusiasts
CUST1165,43,Female,19.6,5,2,131,Home & Kitchen,4,-2.498495696326377,1.8822546401013136,Affluent Disengaged
CUST1217,34,Male,2.7,72,18,16,Home & Kitchen,2,0.9157088192390298,-1.1969072675719354,Budget Enthusiasts
CUST1163,38,Male,19.5,39,7,68,Electronics,4,-0.6078823959482803,1.2138927640000647,Affluent Disengaged
CUST1366,28,Male,3.2,16,4,157,Electronics,1,-2.972333923407124,-1.089161055322195,Price-Sensitive / At Risk
CUST1057,36,Female,20.8,76,26,1,Home & Kitchen,0,2.377190273052765,0.904449861814528,Premium Loyalists
CUST1471,44,Male,8.3,56,9,55,Electronics,3,-0.3673124891497488,0.3446406696790707,Steady Regulars
CUST1003,43,Male,16.2,83,21,14,Beauty,0,1.838870090420591,0.9372398309596032,Premium Loyalists
CUST1059,32,Female,17.5,92,25,1,Beauty,0,2.5637011510563408,0.1616576707910668,Premium Loyalists
CUST1372,37,Male,4.3,32,4,154,Home & Kitchen,1,-2.5778151117996093,-0.3445967890017971,Price-Sensitive / At Risk
CUST1241,31,Female,8.4,73,20,12,Groceries,2,1.3420486864191774,-0.8139059407616468,Budget Enthusiasts
CUST1268,30,Female,1.5,69,18,32,Sports,2,0.6245869186756496,-1.5960871287178804,Budget Enthusiasts
CUST1500,47,Male,6.5,43,12,35,Home & Kitchen,3,-0.2863319558309364,0.3952157783091206,Steady Regulars
CUST1075,39,Female,19.3,80,26,17,Sports,0,2.200765081527317,0.9848755157559104,Premium Loyalists
CUST1331,33,Female,2.9,22,1,38,Home & Kitchen,1,-1.600224058846634,-0.9853289892669648,Price-Sensitive / At Risk
CUST1477,43,Male,8.1,58,16,54,Home & Kitchen,3,0.1567737358814407,0.2306724925921613,Steady Regulars
CUST1422,56,Male,7.5,42,14,40,Sports,3,-0.238749347600091,1.2163182036951683,Steady Regulars
CUST1278,38,Male,7.7,80,14,15,Beauty,2,1.0021249623609378,-0.3694461174008834,Budget Enthusiasts
CUST1081,41,Female,23.2,96,18,6,Home & Kitchen,0,2.289120107368412,1.484465796622787,Premium Loyalists
CUST1243,29,Female,4.9,96,20,15,Groceries,2,1.6985717071059816,-1.4486992013507345,Budget Enthusiasts
CUST1027,42,Female,18.9,73,25,10,Electronics,0,2.0367889134456623,1.190885585585415,Premium Loyalists
CUST1203,22,Female,5.2,71,14,28,Groceries,2,0.6191619782861367,-1.8225479516050864,Budget Enthusiasts
CUST1213,25,Male,5.9,98,12,16,Fashion,2,1.2471475880838394,-1.6510290338404945,Budget Enthusiasts
CUST1282,29,Female,8.3,77,23,25,Electronics,2,1.4767724483546465,-0.9742098438488594,Budget Enthusiasts
CUST1354,25,Male,5.1,29,2,89,Sports,1,-1.8936080168733855,-1.296820197476735,Price-Sensitive / At Risk
CUST1365,30,Female,3.8,27,5,146,Fashion,1,-2.51090714505235,-0.936857063484784,Price-Sensitive / At Risk
CUST1146,42,Male,11.4,28,6,106,Sports,4,-1.7020995980869542,0.7511222741818244,Affluent Disengaged
CUST1421,36,Female,7.7,60,14,25,Groceries,2,0.4415998932946976,-0.4191478895208969,Budget Enthusiasts
CUST1109,44,Male,17.5,73,21,16,Electronics,0,1.6343444447030833,1.2051880047395347,Premium Loyalists
CUST1051,40,Male,15.1,76,24,19,Sports,0,1.795558178057732,0.6213496616618177,Premium Loyalists
CUST1436,47,Male,8.1,53,10,35,Fashion,3,-0.1397480084402562,0.5295930914454647,Steady Regulars
CUST1301,31,Female,7.6,95,17,29,Fashion,2,1.3911100927583322,-0.9631594995602276,Budget Enthusiasts
CUST1015,41,Male,20.5,76,30,12,Electronics,0,2.4771607758397844,1.2779375315954191,Premium Loyalists
CUST1465,45,Male,14.3,61,12,26,Fashion,3,0.5182195508197472,1.0055518496289848,Steady Regulars
CUST1391,26,Female,5.7,8,4,131,Fashion,1,-2.729222742504463,-0.9834924303171952,Price-Sensitive / At Risk
CUST1115,55,Female,14.7,45,5,87,Sports,4,-1.091799042641485,2.0143474036836264,Affluent Disengaged
CUST1244,32,Female,4.7,60,19,16,Home & Kitchen,2,0.7969852243658051,-1.080146905617842,Budget Enthusiasts
CUST1060,45,Male,17.9,84,18,3,Home & Kitchen,0,1.8489395431499185,1.256236887162619,Premium Loyalists
CUST1174,50,Female,11.6,20,6,165,Fashion,4,-2.637696914030374,1.540570814016095,Affluent Disengaged
CUST1099,41,Female,15.4,90,18,1,Electronics,0,1.933726605581713,0.6405215411207968,Premium Loyalists
CUST1160,45,Male,17.4,17,6,123,Home & Kitchen,4,-1.95225834855448,1.725482761763953,Affluent Disengaged
CUST1250,26,Female,6.8,78,11,35,Home & Kitchen,2,0.5278390083302656,-1.35109636567018,Budget Enthusiasts
CUST1042,42,Male,14.9,80,29,21,Electronics,0,2.179763529797039,0.7382267967064223,Premium Loyalists
CUST1271,29,Female,2.9,73,19,25,Fashion,2,0.9226886981557416,-1.5503775578162284,Budget Enthusiasts
CUST1205,38,Male,3.3,63,22,14,Sports,2,1.013147375742912,-0.7875955456063912,Budget Enthusiasts
CUST1218,26,Female,3.9,80,17,7,Electronics,2,1.216355771811783,-1.7361823525720177,Budget Enthusiasts
CUST1080,36,Female,23.0,85,19,22,Sports,0,1.927671645277868,1.152032160749384,Premium Loyalists
CUST1029,41,Female,24.0,100,21,19,Sports,0,2.447913611548264,1.5785537490211112,Premium Loyalists
CUST1345,27,Male,3.3,25,2,141,Groceries,1,-2.700254158380977,-1.223942656537136,Price-Sensitive / At Risk
CUST1364,22,Female,2.3,16,3,120,Home & Kitchen,1,-2.588411067704532,-1.7237095319966318,Price-Sensitive / At Risk
CUST1257,35,Male,3.2,69,19,19,Home & Kitchen,2,0.8927824359743999,-1.0460705632874665,Budget Enthusiasts
CUST1466,38,Female,7.4,62,11,2,Sports,3,0.5497034902391904,-0.3479194209063332,Steady Regulars
CUST1058,48,Female,19.2,73,26,10,Groceries,0,2.0888859916750344,1.688798575604842,Premium Loyalists
CUST1427,41,Female,11.1,56,15,47,Sports,3,0.249434272604011,0.4023009558155949,Steady Regulars
CUST1063,39,Female,16.6,89,22,8,Groceries,0,2.14576449465957,0.6332328436321202,Premium Loyalists
CUST1388,28,Male,5.0,24,3,134,Fashion,1,-2.5112609056400603,-0.9684263853635456,Price-Sensitive / At Risk
CUST1112,48,Male,19.3,20,9,69,Sports,4,-0.9596656245176624,2.050320507308859,Affluent Disengaged
CUST1085,30,Male,14.7,82,23,20,Beauty,0,1.8783972168787364,-0.2218470559214203,Premium Loyalists
CUST1237,26,Female,5.1,76,11,15,Electronics,2,0.668957657553388,-1.5680519971388098,Budget Enthusiasts
CUST1272,28,Female,5.6,80,24,14,Sports,2,1.6530100832627557,-1.3840264673686855,Budget Enthusiasts
CUST1343,33,Male,3.9,24,3,180,Electronics,1,-3.1421059784147487,-0.6143567169111595,Price-Sensitive / At Risk
CUST1228,37,Female,6.1,68,17,16,Groceries,2,0.8701101466920609,-0.5713860867315349,Budget Enthusiasts
CUST1130,34,Female,18.2,28,7,107,Groceries,4,-1.3654192160724008,0.8820311036245505,Affluent Disengaged
CUST1166,50,Female,16.1,13,6,93,Beauty,4,-1.7390410504223488,1.930048292199087,Affluent Disengaged
CUST1097,29,Male,15.5,83,27,9,Sports,0,2.338837541902284,-0.2386080702001675,Premium Loyalists
CUST1489,52,Female,10.5,59,21,37,Groceries,3,0.7735131090703155,1.1540331345548112,Steady Regulars
CUST1297,30,Male,4.9,81,15,16,Beauty,2,1.0119933283275726,-1.3017321704622404,Budget Enthusiasts
CUST1480,45,Female,8.7,60,10,49,Beauty,3,-0.1266045241759221,0.4370771040181511,Steady Regulars
CUST1142,41,Male,16.7,35,8,74,Beauty,4,-0.8188574160430776,1.1658946355074933,Affluent Disengaged
CUST1464,22,Male,10.1,36,16,48,Electronics,2,-0.0953453217081363,-1.0939208515788763,Budget Enthusiasts
CUST1188,45,Male,21.0,32,4,95,Beauty,4,-1.27511626517361,2.005546785061296,Affluent Disengaged
CUST1369,31,Female,4.8,32,3,99,Fashion,1,-1.920252305666002,-0.8590016191328315,Price-Sensitive / At Risk
CUST1221,18,Male,6.1,90,11,10,Beauty,2,1.1136275526870023,-2.14822725789851,Budget Enthusiasts
CUST1229,31,Male,6.2,66,21,21,Home & Kitchen,2,1.0619384825765803,-1.0097382892951416,Budget Enthusiasts
CUST1323,27,Male,4.5,23,3,101,Electronics,1,-2.139044300829684,-1.15965727584503,Price-Sensitive / At Risk
CUST1396,21,Female,5.1,26,1,109,Groceries,1,-2.2577492503588696,-1.5554801410467014,Price-Sensitive / At Risk
CUST1360,27,Male,7.9,13,1,116,Beauty,1,-2.5580590024519445,-0.7117992119204576,Price-Sensitive / At Risk
CUST1082,33,Female,17.5,70,15,7,Sports,0,1.3235536923326334,0.3510961042181119,Premium Loyalists
CUST1355,25,Male,4.6,19,3,155,Beauty,1,-2.884035072854628,-1.183646583100188,Price-Sensitive / At Risk
CUST1322,18,Female,4.7,20,3,121,Electronics,1,-2.407111832797549,-1.78460647358845,Price-Sensitive / At Risk
CUST1514,43,Male,10.3,47,11,38,Fashion,3,-0.1460314847316614,0.4930902518906819,Steady Regulars
CUST1435,58,Male,12.8,51,8,30,Groceries,3,-0.13344716686671,1.9013773638125924,Steady Regulars
CUST1415,44,Male,3.5,27,5,39,Fashion,3,-1.2583971733585584,-0.0878416804110771,Steady Regulars
CUST1189,49,Female,11.9,33,4,115,Sports,4,-1.8485404375792656,1.3458303432623846,Affluent Disengaged
CUST1335,41,Male,4.7,25,6,115,Sports,1,-2.119585007305903,-0.0353513879965971,Price-Sensitive / At Risk
CUST1054,36,Female,15.5,99,19,15,Sports,0,2.053377051848167,0.2509909906582774,Premium Loyalists
CUST1172,35,Male,19.8,37,6,101,Beauty,4,-1.1040329868921797,1.0863196118029783,Affluent Disengaged
CUST1385,47,Female,1.9,27,2,111,Beauty,1,-2.421967243138159,0.1070961588524979,Price-Sensitive / At Risk
CUST1140,41,Female,20.7,29,3,98,Sports,4,-1.4398085191794538,1.6814254119032253,Affluent Disengaged
CUST1274,33,Female,3.9,75,26,23,Electronics,2,1.4811421950092705,-1.1460848639110506,Budget Enthusiasts
CUST1285,31,Female,6.4,72,18,12,Beauty,2,1.112732963934326,-1.029099010544469,Budget Enthusiasts
CUST1067,36,Male,22.7,84,27,27,Home & Kitchen,0,2.369891754673926,1.1284335676759414,Premium Loyalists
CUST1439,51,Male,9.9,61,10,21,Fashion,3,0.2598041777915589,0.9771665261242084,Steady Regulars
CUST1508,44,Male,9.4,51,14,33,Electronics,3,0.1693484430643148,0.4429542710555111,Steady Regulars
CUST1295,41,Female,5.5,54,17,13,Home & Kitchen,3,0.5562911441221684,-0.2725691351371005,Steady Regulars
CUST1233,33,Male,6.0,62,6,16,Groceries,2,0.0114073356318255,-0.8607675615503542,Budget Enthusiasts
CUST1100,32,Female,17.0,73,26,7,Home & Kitchen,0,2.1152646736744627,0.1994490021567694,Premium Loyalists
CUST1284,39,Female,5.2,88,23,38,Fashion,2,1.4048941331445457,-0.5632807557568563,Budget Enthusiasts
CUST1149,53,Female,22.3,35,3,98,Home & Kitchen,4,-1.2999365819964397,2.762724631357584,Affluent Disengaged
CUST1016,32,Female,19.1,77,16,13,Home & Kitchen,0,1.5348824730151411,0.4306635545894453,Premium Loyalists
CUST1164,49,Female,19.7,24,4,106,Sports,4,-1.6539925873439285,2.2278994481385848,Affluent Disengaged
CUST1290,34,Female,4.8,73,21,12,Fashion,2,1.265315682341254,-0.9788446619071866,Budget Enthusiasts
CUST1047,44,Female,18.4,83,23,7,Beauty,0,2.135475791064327,1.2430433879794822,Premium Loyalists
CUST1087,35,Male,19.9,79,28,21,Sports,0,2.302446319857404,0.7516593800537431,Premium Loyalists
CUST1038,32,Male,17.6,79,21,5,Beauty,0,1.9596686228528408,0.2386247477337909,Premium Loyalists
CUST1423,43,Male,9.1,60,11,34,Sports,3,0.1493662972258796,0.2969679791585443,Steady Regulars
CUST1371,26,Male,4.1,27,4,180,Electronics,1,-2.970559076093344,-1.148724960467169,Price-Sensitive / At Risk
CUST1425,42,Male,6.8,54,10,27,Beauty,3,-0.0441135459270286,-0.0211545384485655,Steady Regulars
CUST1446,50,Male,9.7,49,7,58,Home & Kitchen,3,-0.6697195234795738,1.0014590105832073,Steady Regulars
CUST1294,29,Male,6.5,73,24,27,Groceries,2,1.3646416646649702,-1.1522085801880766,Budget Enthusiasts
CUST1173,32,Female,15.5,22,2,128,Electronics,4,-2.1842230746593696,0.4977198354745196,Affluent Disengaged
CUST1074,41,Male,21.3,61,22,11,Fashion,0,1.647272527237288,1.4334054472146187,Premium Loyalists
CUST1281,25,Male,2.7,58,19,29,Fashion,2,0.5491523986736826,-1.8102813272074811,Budget Enthusiasts
CUST1105,31,Female,17.0,97,28,10,Home & Kitchen,0,2.751319363414489,0.0228592976554271,Premium Loyalists
CUST1358,35,Female,3.0,28,3,129,Groceries,1,-2.463327524559579,-0.6728944458436044,Price-Sensitive / At Risk
CUST1254,18,Female,7.5,61,19,16,Electronics,2,0.9816717848391604,-1.8614826383185,Budget Enthusiasts
CUST1017,41,Male,22.4,65,22,18,Groceries,0,1.6897422167989469,1.550788774844161,Premium Loyalists
CUST1447,33,Male,7.5,44,13,54,Beauty,3,-0.3350456279572121,-0.5490228090465146,Steady Regulars
CUST1092,37,Female,22.2,86,21,6,Beauty,0,2.248826586167723,1.105480178076607,Premium Loyalists
CUST1089,41,Female,18.0,87,24,14,Beauty,0,2.203545308997448,0.9617504100052964,Premium Loyalists
CUST1387,35,Female,5.0,39,5,102,Groceries,1,-1.6771930041490803,-0.552304208442396,Price-Sensitive / At Risk
CUST1141,42,Male,16.0,22,4,76,Electronics,4,-1.431560751054714,1.2283747473950295,Affluent Disengaged
CUST1195,32,Female,20.2,40,7,119,Sports,4,-1.1652591363122962,0.9185315167580388,Affluent Disengaged
CUST1206,23,Female,7.3,86,17,18,Electronics,2,1.3504937768476362,-1.5988143430688944,Budget Enthusiasts
CUST1103,36,Female,18.1,91,23,13,Fashion,0,2.263127356366604,0.5663384855609241,Premium Loyalists
CUST1265,39,Female,5.9,82,20,13,Fashion,2,1.4045887177156786,-0.5061320116813943,Budget Enthusiasts
CUST1175,42,Female,14.9,32,4,80,Home & Kitchen,4,-1.2983349164094748,1.071472861419717,Affluent Disengaged
CUST1171,43,Male,20.5,25,6,72,Electronics,4,-1.021625981740588,1.780623209412897,Affluent Disengaged
CUST1389,33,Male,3.1,7,5,64,Beauty,1,-1.980121266551228,-0.8511501993440374,Price-Sensitive / At Risk
CUST1158,43,Male,11.6,37,5,131,Fashion,4,-1.8752152108860496,0.8600218548916518,Affluent Disengaged
CUST1071,29,Male,21.9,80,23,3,Beauty,0,2.3103524061229592,0.4710150814470735,Premium Loyalists
CUST1134,48,Female,14.1,32,1,81,Fashion,4,-1.5672465760836234,1.4521348648093304,Affluent Disengaged
CUST1455,41,Male,8.3,52,19,27,Fashion,3,0.5746450196468008,0.0704792820682507,Steady Regulars
CUST1509,24,Male,8.8,47,15,28,Sports,2,0.2740400542966257,-1.1672367725096298,Budget Enthusiasts
CUST1379,34,Female,2.1,20,4,107,Groceries,1,-2.330515834713473,-0.8576100232899752,Price-Sensitive / At Risk
CUST1363,41,Female,3.9,25,3,115,Electronics,1,-2.3501519937654627,-0.121960295349082,Price-Sensitive / At Risk
CUST1246,38,Female,5.1,92,13,9,Fashion,2,1.181931643634058,-0.7189337159232138,Budget Enthusiasts
CUST1470,54,Male,9.5,59,10,26,Fashion,3,0.1258595024923962,1.1838889278947384,Steady Regulars
CUST1432,57,Female,9.5,58,17,18,Home & Kitchen,3,0.6597061602696602,1.401852425850617,Steady Regulars
CUST1353,26,Female,5.3,14,1,105,Beauty,1,-2.489888160365986,-1.1014044550295286,Price-Sensitive / At Risk
CUST1245,33,Female,4.9,71,26,25,Beauty,2,1.4036687314219152,-1.0147011919798825,Budget Enthusiasts
CUST1019,44,Female,16.1,74,18,14,Home & Kitchen,0,1.4289797864779783,1.0442720128108058,Premium Loyalists
CUST1178,54,Female,14.0,29,8,91,Sports,4,-1.317297606454915,1.934665357485443,Affluent Disengaged
CUST1410,35,Male,5.4,27,2,89,Beauty,1,-1.9705278120704848,-0.4794813172831879,Price-Sensitive / At Risk
CUST1021,37,Female,16.8,75,25,14,Groceries,0,1.9771172351882096,0.5704298834329432,Premium Loyalists
CUST1056,34,Female,15.3,85,21,18,Fashion,0,1.8401477146634564,0.1388991565850708,Premium Loyalists
CUST1320,31,Male,3.0,71,20,18,Groceries,2,1.0269007152591607,-1.3894605785377878,Budget Enthusiasts
CUST1462,40,Female,12.8,58,14,45,Sports,3,0.3177130056859256,0.500346454280577,Steady Regulars
CUST1368,27,Female,6.6,14,2,80,Beauty,1,-2.0704361270703564,-0.9286026990691844,Price-Sensitive / At Risk
CUST1035,42,Male,15.6,80,23,16,Groceries,0,1.864134251857358,0.8091769692443616,Premium Loyalists
CUST1182,57,Female,17.1,47,6,85,Electronics,4,-0.8767338378656501,2.4211987877720147,Affluent Disengaged
CUST1185,36,Male,17.0,29,5,111,Beauty,4,-1.5792532512084554,0.9091789309928838,Affluent Disengaged
CUST1151,38,Male,16.0,11,5,61,Beauty,4,-1.4064713328877465,0.9365316604210376,Affluent Disengaged
CUST1208,26,Male,4.7,79,19,12,Groceries,2,1.2956218165788962,-1.6351898954763175,Budget Enthusiasts
CUST1352,18,Male,3.3,16,2,81,Beauty,1,-2.119307557446073,-1.997374991921728,Price-Sensitive / At Risk
CUST1095,26,Male,11.8,89,20,3,Groceries,2,1.9550444416300887,-0.9129335333837694,Budget Enthusiasts
CUST1377,31,Female,4.1,15,4,77,Electronics,1,-1.9849453978011296,-0.9052258971670172,Price-Sensitive / At Risk
CUST1303,20,Male,8.8,82,20,9,Beauty,2,1.641777670032624,-1.667541289206994,Budget Enthusiasts
CUST1098,31,Male,14.3,76,31,19,Beauty,0,2.275536024808616,-0.1687451524441433,Premium Loyalists
CUST1236,32,Male,5.3,57,16,19,Beauty,2,0.5133880565770209,-0.9936670185535974,Budget Enthusiasts
CUST1405,28,Male,2.3,20,2,91,Fashion,1,-2.2336064630111685,-1.3302969846335302,Price-Sensitive / At Risk
CUST1442,46,Male,12.2,64,8,58,Beauty,3,-0.1602579974392713,0.901636128772467,Steady Regulars
CUST1155,38,Female,12.2,27,7,98,Home & Kitchen,4,-1.5118167551543458,0.5176591299190287,Affluent Disengaged
CUST1123,32,Male,12.8,57,3,40,Groceries,3,-0.3468092548964392,-0.1193651686358129,Steady Regulars
CUST1339,25,Male,5.3,19,1,118,Home & Kitchen,1,-2.535061093402375,-1.175805445421347,Price-Sensitive / At Risk
CUST1079,42,Female,13.9,68,16,17,Home & Kitchen,3,1.0525658854877704,0.6792040132655547,Steady Regulars
CUST1062,36,Female,19.3,68,24,17,Groceries,0,1.8121674323250705,0.8051063579274973,Premium Loyalists
CUST1476,33,Female,7.5,41,12,38,Electronics,3,-0.2710369494751611,-0.5659898146404223,Steady Regulars
CUST1126,24,Female,17.5,37,7,121,Groceries,4,-1.3203757594596706,0.0169988902815186,Affluent Disengaged
CUST1319,25,Female,4.2,69,19,22,Electronics,2,0.9353078592597872,-1.7056695255298255,Budget Enthusiasts
CUST1317,22,Female,5.1,59,18,7,Sports,2,0.8767498067394768,-1.8239136215799925,Budget Enthusiasts
CUST1496,50,Female,12.0,76,6,16,Electronics,3,0.4678107443051599,1.0591040446633788,Steady Regulars
CUST1431,39,Male,8.1,52,12,28,Beauty,3,0.0935431684298766,-0.1009935604837728,Steady Regulars
CUST1451,45,Male,11.9,41,12,26,Sports,3,-0.0144935251144856,0.8272112287745915,Steady Regulars
CUST1418,49,Male,5.1,30,3,157,Beauty,1,-2.749491192411045,0.6892703277608584,Price-Sensitive / At Risk
CUST1025,35,Male,13.6,99,28,5,Beauty,0,2.716785780044281,-0.060073688017605,Premium Loyalists
CUST1329,18,Female,4.7,16,3,144,Home & Kitchen,1,-2.7808020501900605,-1.723533988888682,Price-Sensitive / At Risk
CUST1440,36,Male,8.4,42,12,42,Home & Kitchen,3,-0.2785195184700477,-0.2307389240933091,Steady Regulars
CUST1511,36,Female,11.4,65,13,34,Sports,3,0.5089784361614303,-0.0149525697256102,Steady Regulars
CUST1127,51,Male,20.4,25,5,125,Groceries,4,-1.7828702889878505,2.4915488577947107,Affluent Disengaged
CUST1424,48,Female,11.2,63,14,27,Fashion,3,0.5589971053042299,0.8884857049820929,Steady Regulars
CUST1328,42,Male,3.6,22,2,148,Fashion,1,-2.9077062321290112,-0.0011498090670651,Price-Sensitive / At Risk
CUST1179,27,Male,16.9,27,9,106,Groceries,4,-1.2579722437690786,0.1970413701254249,Affluent Disengaged
CUST1444,42,Male,7.9,54,14,8,Electronics,3,0.4996270418126012,0.0618206833084441,Steady Regulars
CUST1381,21,Female,4.6,25,3,99,Electronics,1,-2.0401451384236013,-1.62644027480291,Price-Sensitive / At Risk
CUST1224,18,Male,6.5,76,23,39,Electronics,2,1.2634241068260674,-1.9949435265912043,Budget Enthusiasts
CUST1359,18,Female,5.9,15,4,109,Groceries,1,-2.2591900486094274,-1.6540464809058155,Price-Sensitive / At Risk
CUST1094,37,Male,19.9,86,18,15,Groceries,0,1.8523492812955664,0.8705597837860173,Premium Loyalists
CUST1070,37,Female,18.9,81,21,15,Fashion,0,1.9061024839759348,0.7802240404252986,Premium Loyalists
CUST1037,37,Male,16.2,85,21,18,Electronics,0,1.859889009981668,0.4708521290010238,Premium Loyalists
CUST1161,53,Male,9.7,18,3,79,Fashion,4,-1.9016293852484405,1.410191569202419,Affluent Disengaged
CUST1012,43,Female,18.5,77,25,14,Sports,0,2.0575077375592934,1.2146680332920672,Premium Loyalists
CUST1145,41,Male,16.2,23,5,71,Home & Kitchen,4,-1.268658776636824,1.1584899966379991,Affluent Disengaged
CUST1361,35,Female,4.9,24,5,74,Fashion,1,-1.6684390653942152,-0.5518682452608891,Price-Sensitive / At Risk
CUST1128,47,Male,18.2,24,7,100,Groceries,4,-1.4241594937782869,1.894271833631726,Affluent Disengaged
CUST1448,26,Female,9.4,50,14,57,Electronics,2,-0.0719874143632328,-0.9031258953543384,Budget Enthusiasts
CUST1010,32,Female,17.3,80,26,14,Groceries,0,2.1954603269904776,0.2156359105981862,Premium Loyalists
CUST1382,40,Female,3.0,22,1,37,Groceries,1,-1.6145129027726342,-0.4332754219553497,Price-Sensitive / At Risk
CUST1177,44,Male,15.3,32,7,101,Beauty,4,-1.350823820209596,1.3090725631514373,Affluent Disengaged
CUST1232,32,Female,9.0,75,10,35,Electronics,2,0.4478915825262983,-0.6295702480453763,Budget Enthusiasts
CUST1211,25,Female,5.8,74,13,15,Beauty,2,0.788513712317696,-1.560852742222587,Budget Enthusiasts
CUST1129,39,Male,18.6,36,6,82,Groceries,4,-0.9521485502159748,1.2323435284998754,Affluent Disengaged
CUST1144,57,Male,17.4,24,9,109,Beauty,4,-1.473582468980161,2.597694050829942,Affluent Disengaged
CUST1242,24,Male,6.2,73,20,21,Groceries,2,1.180983446192326,-1.5823549519207696,Budget Enthusiasts
CUST1008,36,Female,18.1,97,25,10,Sports,0,2.5681997074171594,0.5336251761627326,Premium Loyalists
CUST1299,27,Female,3.1,85,21,10,Beauty,2,1.5258110426515408,-1.7649172061172995,Budget Enthusiasts
CUST1255,28,Male,7.4,78,17,21,Electronics,2,1.1171890416065453,-1.1597148249217846,Budget Enthusiasts
CUST1378,30,Female,2.8,13,1,103,Beauty,1,-2.595633389563598,-1.0663984360773335,Price-Sensitive / At Risk
CUST1342,47,Male,5.4,19,1,113,Groceries,1,-2.564780674590695,0.5320480392081135,Price-Sensitive / At Risk
CUST1009,38,Male,22.8,75,29,19,Fashion,0,2.397731928302359,1.3171351819074957,Premium Loyalists
CUST1157,54,Male,13.4,30,4,91,Beauty,4,-1.5854787858855448,1.866341032980291,Affluent Disengaged
CUST1028,41,Female,20.5,97,25,24,Groceries,0,2.460592619171708,1.2128086800484277,Premium Loyalists
CUST1267,35,Male,7.3,69,21,17,Beauty,2,1.2009361903495843,-0.5987378761922947,Budget Enthusiasts
CUST1065,43,Female,14.2,73,27,1,Sports,0,2.107238387329629,0.7318136251633631,Premium Loyalists
CUST1256,20,Female,6.9,77,16,20,Home & Kitchen,2,1.0565781607706566,-1.832395255371004,Budget Enthusiasts
CUST1325,30,Female,5.2,24,2,177,Groceries,1,-3.1118857360557715,-0.7088196562853307,Price-Sensitive / At Risk
CUST1154,37,Female,15.3,26,4,105,Beauty,4,-1.7051299155220057,0.801305848634287,Affluent Disengaged
CUST1049,43,Male,16.5,82,30,7,Sports,0,2.518554738192696,0.9564268902827884,Premium Loyalists
CUST1209,32,Male,5.5,61,14,16,Electronics,2,0.5125532644425905,-0.9935082332688148,Budget Enthusiasts
CUST1288,18,Male,5.0,48,21,14,Home & Kitchen,2,0.7602928777154334,-2.0859812358770258,Budget Enthusiasts
CUST1002,31,Female,18.7,84,27,14,Sports,0,2.406944164867638,0.2746749456170396,Premium Loyalists
CUST1270,26,Female,5.3,78,24,10,Sports,2,1.6557098604121396,-1.5712175747283388,Budget Enthusiasts
CUST1266,26,Male,7.7,63,14,21,Beauty,2,0.6011966361381003,-1.2153326509851845,Budget Enthusiasts
CUST1334,24,Female,1.5,18,4,154,Home & Kitchen,1,-2.935170935389272,-1.6012652728282504,Price-Sensitive / At Risk
CUST1341,21,Female,4.6,16,2,95,Groceries,1,-2.25825697373518,-1.5946432594381703,Price-Sensitive / At Risk
CUST1096,28,Male,17.9,80,23,16,Sports,0,2.0083672455153843,-0.022989634740558,Premium Loyalists
CUST1473,53,Male,7.6,37,10,35,Sports,3,-0.5402537915698362,1.0089126993523143,Steady Regulars
CUST1501,34,Female,9.8,66,5,47,Groceries,3,-0.2164061943114811,-0.3217696468479054,Steady Regulars
CUST1510,50,Male,12.3,48,12,63,Electronics,3,-0.3235235632565393,1.2993599546143964,Steady Regulars
CUST1117,31,Female,16.0,45,5,103,Groceries,4,-1.1386283752390949,0.3267373973651419,Affluent Disengaged
CUST1046,40,Female,23.3,90,33,11,Sports,0,3.1089654913158764,1.4452154129225243,Premium Loyalists
CUST1162,37,Female,15.6,31,3,93,Sports,4,-1.5015315064341066,0.7904942054957543,Affluent Disengaged
CUST1499,44,Male,8.1,56,6,59,Fashion,3,-0.6255576848417388,0.331828346714789,Steady Regulars
CUST1118,45,Female,15.0,28,6,103,Electronics,4,-1.5470564195058825,1.3751714839930889,Affluent Disengaged
CUST1289,18,Female,5.2,73,6,15,Electronics,2,0.3046108134734964,-2.1618362919122536,Budget Enthusiasts
CUST1078,39,Male,14.3,79,27,8,Home & Kitchen,0,2.1752031402339083,0.4200150684737544,Premium Loyalists
CUST1402,37,Female,5.4,7,4,75,Electronics,1,-2.11707310688495,-0.2657268123878862,Price-Sensitive / At Risk
CUST1064,42,Female,14.3,86,26,3,Fashion,0,2.312833592875751,0.6134885293542894,Premium Loyalists
CUST1459,25,Male,7.6,74,9,19,Fashion,2,0.5358354935309382,-1.352522320582887,Budget Enthusiasts
CUST1397,37,Female,4.7,28,4,51,Fashion,1,-1.3778372087408088,-0.4793348265784523,Price-Sensitive / At Risk
CUST1231,24,Male,4.0,85,17,22,Sports,2,1.1543995952860782,-1.8733060836167508,Budget Enthusiasts
CUST1298,26,Male,8.8,78,24,21,Groceries,2,1.6468662036662256,-1.1642227454322212,Budget Enthusiasts
CUST1187,49,Male,14.3,21,5,80,Sports,4,-1.5282860466916306,1.5951854503245058,Affluent Disengaged
CUST1513,40,Male,9.8,45,12,33,Groceries,3,-0.0667429737103267,0.2038303170864382,Steady Regulars
CUST1200,30,Male,14.7,23,2,108,Electronics,4,-1.9349045885357357,0.2119548362480383,Affluent Disengaged
CUST1351,30,Female,2.8,16,4,134,Beauty,1,-2.710934180734093,-1.0219554639653687,Price-Sensitive / At Risk
CUST1122,31,Male,20.0,31,6,86,Home & Kitchen,4,-1.0274693524276883,0.7954854336473555,Affluent Disengaged
CUST1479,25,Female,6.6,59,13,44,Groceries,2,0.1246767626882727,-1.3526072353191647,Budget Enthusiasts
CUST1443,43,Female,12.4,36,14,35,Beauty,3,-0.0760638410927784,0.7648840888019214,Steady Regulars
CUST1308,18,Female,5.2,83,12,21,Sports,2,0.8560411732245516,-2.1968617346548984,Budget Enthusiasts
CUST1472,41,Male,10.0,48,10,50,Beauty,3,-0.3416581482393093,0.323953321000882,Steady Regulars
CUST1159,37,Male,17.8,18,5,84,Fashion,4,-1.4653867056720045,1.071074167860148,Affluent Disengaged
CUST1086,41,Female,15.3,74,25,9,Fashion,0,1.9448569099596436,0.710022854489342,Premium Loyalists
CUST1226,37,Female,5.2,79,20,22,Fashion,2,1.2096093294010684,-0.7083693132922058,Budget Enthusiasts
CUST1263,34,Male,6.3,78,33,9,Beauty,2,2.2742491354441063,-0.8472255378033591,Budget Enthusiasts
CUST1332,22,Female,2.7,24,3,126,Beauty,1,-2.469933027514171,-1.702715793263756,Price-Sensitive / At Risk
CUST1411,20,Female,4.2,31,4,84,Beauty,1,-1.6639604932421697,-1.803141457441949,Price-Sensitive / At Risk
CUST1077,35,Female,18.5,84,24,16,Sports,0,2.156133164786087,0.5682986720552232,Premium Loyalists
CUST1398,38,Male,5.3,15,5,131,Fashion,1,-2.5726456799095323,-0.127654873974059,Price-Sensitive / At Risk
CUST1383,18,Female,4.5,26,1,125,Home & Kitchen,1,-2.464565533499159,-1.8238758930341497,Price-Sensitive / At Risk
CUST1088,38,Male,16.8,92,29,13,Home & Kitchen,0,2.632424043661082,0.5704908348287733,Premium Loyalists
CUST1515,52,Male,7.8,62,11,19,Fashion,3,0.2932925466927913,0.8144276036659016,Steady Regulars
CUST1183,47,Female,14.6,26,7,60,Electronics,4,-1.0155621672284247,1.4123871437344202,Affluent Disengaged
CUST1106,37,Male,21.0,88,22,11,Electronics,0,2.255024198806068,0.9734603059225482,Premium Loyalists
CUST1409,37,Female,3.6,23,1,118,Sports,1,-2.559731026541649,-0.4498570015764211,Price-Sensitive / At Risk
CUST1050,38,Male,14.4,82,22,16,Home & Kitchen,0,1.8151978483132156,0.3584787544465818,Premium Loyalists
CUST1390,31,Male,4.7,14,3,94,Beauty,1,-2.2629164819864998,-0.8018120897587973,Price-Sensitive / At Risk
CUST1006,29,Female,16.4,84,19,3,Beauty,0,1.9308091815616049,-0.1507339385365229,Premium Loyalists
CUST1018,31,Male,14.4,81,26,7,Electronics,0,2.2032263237472813,-0.1994423697473853,Premium Loyalists
CUST1235,32,Female,6.9,61,13,28,Sports,2,0.3478145840592662,-0.8156947264994334,Budget Enthusiasts
CUST1413,32,Female,6.2,18,6,119,Electronics,1,-2.2314852743261056,-0.5301028048067512,Price-Sensitive / At Risk
CUST1407,29,Female,4.8,18,2,97,Groceries,1,-2.265815742026103,-0.9569238267735196,Price-Sensitive / At Risk
CUST1107,31,Male,19.6,69,22,13,Electronics,0,1.7821688524272483,0.4395420628806207,Premium Loyalists
CUST1135,48,Female,11.5,11,6,115,Home & Kitchen,4,-2.214425651053921,1.3180784307821198,Affluent Disengaged
CUST1414,23,Male,3.2,26,3,99,Sports,1,-2.077438030553701,-1.6300563708655242,Price-Sensitive / At Risk
CUST1227,29,Female,4.3,85,24,11,Beauty,2,1.7498923151997416,-1.4771620239111798,Budget Enthusiasts
CUST1215,43,Male,5.3,72,22,19,Sports,3,1.2028099616713053,-0.2085400225554672,Steady Regulars
CUST1191,47,Female,9.5,37,5,79,Groceries,4,-1.3254435832898874,0.8396183291897978,Affluent Disengaged
CUST1453,38,Female,9.1,68,18,20,Fashion,2,0.992533401212217,-0.1558529798516773,Budget Enthusiasts
CUST1321,44,Female,6.4,26,2,125,Home & Kitchen,1,-2.4408567073990315,0.4017387629264122,Price-Sensitive / At Risk
CUST1283,25,Male,6.4,68,9,34,Groceries,2,0.1729574899689903,-1.430405167645044,Budget Enthusiasts
CUST1030,41,Female,26.7,73,23,6,Sports,0,2.2399264109987165,1.9671315236399785,Premium Loyalists
CUST1170,45,Male,17.3,28,6,55,Fashion,4,-0.869470083251293,1.53745847737319,Affluent Disengaged
CUST1181,38,Female,13.8,22,5,98,Home & Kitchen,4,-1.69931434252089,0.716820220663986,Affluent Disengaged
CUST1101,35,Female,20.7,88,20,2,Home & Kitchen,0,2.2298203767025764,0.7691974866263579,Premium Loyalists
CUST1198,55,Male,21.5,20,8,110,Groceries,4,-1.4844588482563834,2.9145235618859644,Affluent Disengaged
CUST1210,28,Female,3.2,89,12,30,Electronics,2,0.7622975349549532,-1.6506253531237864,Budget Enthusiasts
CUST1136,44,Male,21.9,34,1,112,Beauty,4,-1.605351478957436,2.052619764768224,Affluent Disengaged
CUST1484,43,Male,9.5,60,11,5,Fashion,3,0.5227572268937117,0.2858657453633403,Steady Regulars
CUST1441,51,Male,9.2,54,10,29,Sports,3,-0.0205465219864252,0.945422923243593,Steady Regulars
CUST1199,37,Male,12.1,29,4,110,Home & Kitchen,4,-1.816544939646725,0.4449114842449511,Affluent Disengaged
CUST1374,32,Male,4.5,8,3,98,Home & Kitchen,1,-2.457646095245079,-0.7127805410631357,Price-Sensitive / At Risk
CUST1167,45,Male,13.0,21,6,90,Electronics,4,-1.614825102170342,1.1600500353029637,Affluent Disengaged
CUST1395,26,Male,3.7,38,4,144,Sports,1,-2.2946474225310376,-1.3089044256256277,Price-Sensitive / At Risk
CUST1137,52,Male,22.1,19,2,71,Groceries,4,-1.3922954642772396,2.681336232755188,Affluent Disengaged
CUST1286,28,Female,3.4,56,17,21,Home & Kitchen,2,0.4817510746438379,-1.5058969360945034,Budget Enthusiasts
CUST1336,40,Female,3.9,31,3,140,Beauty,1,-2.521540724375442,-0.1778296943329387,Price-Sensitive / At Risk
CUST1132,48,Male,9.8,28,4,95,Fashion,4,-1.7844548199799617,1.0201505185518591,Affluent Disengaged
CUST1040,43,Female,18.5,71,27,28,Groceries,0,1.8849570026255211,1.2661533016939694,Premium Loyalists
CUST1216,31,Male,6.6,69,10,27,Home & Kitchen,2,0.330308319218806,-0.9611705182083596,Budget Enthusiasts
CUST1044,40,Male,16.5,78,27,15,Beauty,0,2.141983093179652,0.7578836431112228,Premium Loyalists
CUST1055,35,Female,20.5,95,18,10,Fashion,0,2.1451428116878684,0.7332259853118185,Premium Loyalists
CUST1488,32,Female,8.6,68,10,36,Beauty,2,0.2650677030501541,-0.6415534411682918,Budget Enthusiasts
CUST1300,18,Female,7.4,63,16,34,Electronics,2,0.5983712034752402,-1.84524391210456,Budget Enthusiasts
CUST1468,49,Female,12.1,48,14,52,Fashion,3,-0.0560360317214817,1.1777054501358313,Steady Regulars
CUST1305,22,Male,7.0,66,22,11,Beauty,2,1.320883645772316,-1.6391343550364608,Budget Enthusiasts
CUST1036,46,Male,16.8,88,30,10,Fashion,0,2.612988915043296,1.2019992313842942,Premium Loyalists
CUST1316,27,Female,6.6,79,15,28,Beauty,2,0.8937635438748636,-1.3154178890326982,Budget Enthusiasts
CUST1400,42,Male,5.5,22,2,119,Sports,1,-2.4797709089666378,0.1531973265122375,Price-Sensitive / At Risk
CUST1310,34,Male,7.6,74,27,12,Groceries,2,1.7923572723731558,-0.6775862702098522,Budget Enthusiasts
CUST1277,38,Male,4.5,76,12,14,Beauty,2,0.6747314097865699,-0.7059461363211885,Budget Enthusiasts
CUST1125,41,Female,18.2,22,7,95,Fashion,4,-1.3808630585677486,1.428021923265708,Affluent Disengaged
CUST1143,51,Female,12.2,16,4,82,Sports,4,-1.8165724674246864,1.5446251633544068,Affluent Disengaged
CUST1111,50,Female,16.3,21,5,69,Electronics,4,-1.3237747273919014,1.872399425665329,Affluent Disengaged
CUST1324,42,Female,3.7,23,3,122,Fashion,1,-2.492915172728134,-0.0444917932035834,Price-Sensitive / At Risk
CUST1333,28,Male,5.2,40,3,43,Sports,1,-1.0216014419283057,-1.188752199086417,Price-Sensitive / At Risk
CUST1394,26,Female,3.9,18,6,130,Beauty,1,-2.425263237693888,-1.2282122386745578,Price-Sensitive / At Risk
CUST1474,56,Male,9.1,53,14,31,Sports,3,0.1757903892007729,1.3281515450119243,Steady Regulars
CUST1108,36,Female,22.0,81,20,6,Home & Kitchen,0,2.06736305462139,1.027997323203767,Premium Loyalists
CUST1456,37,Female,10.7,48,9,46,Beauty,3,-0.3165532246944159,0.0838453077868914,Steady Regulars
CUST1013,38,Male,18.7,85,24,24,Fashion,0,2.073700578863501,0.833956693532634,Premium Loyalists
CUST1273,24,Female,7.4,54,6,15,Electronics,2,-0.0645313683173534,-1.3717510636095689,Budget Enthusiasts
CUST1048,40,Male,20.9,85,16,15,Electronics,0,1.7191370050212853,1.2189488035434577,Premium Loyalists
CUST1204,23,Male,6.1,45,22,23,Beauty,2,0.6676265141985657,-1.5472950611634877,Budget Enthusiasts
CUST1478,45,Female,8.8,55,16,40,Fashion,3,0.2799904685809694,0.4493022594484171,Steady Regulars
CUST1120,42,Male,23.2,27,8,110,Beauty,4,-1.2104673427023067,2.063505897530973,Affluent Disengaged
CUST1022,33,Female,13.9,81,27,7,Sports,0,2.2435468464842487,-0.1000135111160276,Premium Loyalists
CUST1403,36,Female,5.5,21,7,97,Fashion,1,-1.8680501078229517,-0.3524609852640886,Price-Sensitive / At Risk
CUST1084,35,Female,22.4,79,27,11,Groceries,0,2.449934677836433,1.008909822853225,Premium Loyalists
CUST1131,52,Male,17.2,31,6,82,Home & Kitchen,4,-1.1706869724368465,2.1078132297152865,Affluent Disengaged
CUST1457,38,Female,9.3,44,15,45,Electronics,3,-0.045550903301582,0.0190969655426279,Steady Regulars
CUST1494,44,Female,6.0,51,12,26,Electronics,3,-0.0019853360953624,0.0556934072320404,Steady Regulars
CUST1330,43,Male,4.4,23,2,110,Electronics,1,-2.390460550553603,0.0879721049577065,Price-Sensitive / At Risk
CUST1230,34,Female,4.7,80,14,1,Beauty,2,1.083585846282402,-1.037248252105965,Budget Enthusiasts
CUST1507,52,Female,7.4,52,15,26,Beauty,3,0.2380439346697936,0.8246520792704184,Steady Regulars
CUST1287,36,Male,7.3,62,11,11,Electronics,2,0.4433581662738417,-0.4969337302890647,Budget Enthusiasts
CUST1124,49,Female,19.0,36,5,96,Home & Kitchen,4,-1.221282612172495,2.0792770433096166,Affluent Disengaged
CUST1034,32,Male,18.8,74,20,13,Electronics,0,1.7257928117147492,0.408356094484375,Premium Loyalists
CUST1486,44,Male,10.9,46,8,23,Beauty,3,-0.1666810449762106,0.6142176539980574,Steady Regulars
CUST1005,24,Female,18.2,83,24,10,Fashion,0,2.2448090499032824,-0.3250698245046187,Premium Loyalists
CUST1412,43,Male,3.9,20,2,61,Sports,1,-1.869132730782708,-0.0475271781324828,Price-Sensitive / At Risk
CUST1020,38,Male,15.2,78,30,12,Electronics,0,2.3419667975718803,0.452028571999765,Premium Loyalists
CUST1220,25,Male,5.9,71,18,16,Sports,2,1.0487541120457773,-1.5376797467728278,Budget Enthusiasts
CUST1380,48,Female,4.2,12,4,158,Home & Kitchen,1,-3.12400233386034,0.5915407460577009,Price-Sensitive / At Risk
CUST1512,54,Female,10.5,51,14,54,Electronics,3,-0.0937906291101936,1.379883370252584,Steady Regulars
CUST1420,33,Female,4.7,36,3,67,Home & Kitchen,1,-1.4474893501074146,-0.7931197103664687,Price-Sensitive / At Risk
CUST1357,34,Male,5.4,21,1,130,Electronics,1,-2.6743245180947217,-0.4525127621885781,Price-Sensitive / At Risk
CUST1150,27,Female,19.1,29,5,156,Electronics,4,-2.02076470257083,0.5284474079254546,Affluent Disengaged
CUST1225,22,Male,9.6,93,7,6,Beauty,2,1.0712607657013122,-1.4703335120445606,Budget Enthusiasts
CUST1248,23,Female,6.9,81,24,9,Home & Kitchen,2,1.8060661861938372,-1.6422825628681037,Budget Enthusiasts
CUST1454,48,Female,10.8,48,7,27,Groceries,3,-0.2597417686639715,0.9129547488233144,Steady Regulars
CUST1152,39,Male,16.9,10,2,132,Electronics,4,-2.4803752969836883,1.2545109241289314,Affluent Disengaged
CUST1493,40,Male,10.5,50,17,39,Sports,3,0.3316220436649494,0.2681527580260738,Steady Regulars
CUST1318,34,Male,4.1,68,10,20,Electronics,2,0.2907614952351729,-1.013246661984582,Budget Enthusiasts
CUST1292,31,Male,6.5,86,18,19,Sports,2,1.341560747671107,-1.0652044475703393,Budget Enthusiasts
CUST1234,26,Female,4.4,61,23,22,Fashion,2,1.028710703945663,-1.573671486376773,Budget Enthusiasts
CUST1011,44,Male,14.9,70,15,11,Home & Kitchen,3,1.1319011941239654,0.9251063201752816,Steady Regulars
CUST1280,31,Female,6.2,55,18,15,Fashion,2,0.6897126637708477,-0.9720246843591748,Budget Enthusiasts
CUST1072,30,Female,18.7,83,25,10,Groceries,0,2.3041787139319267,0.1949030814314089,Premium Loyalists
CUST1253,27,Female,3.8,84,21,12,Sports,2,1.5042450073167222,-1.6795801635827552,Budget Enthusiasts
CUST1093,35,Female,18.3,96,22,9,Fashion,0,2.368425986220545,0.4821694408104763,Premium Loyalists
CUST1492,50,Female,12.6,57,14,35,Electronics,3,0.3686237648834103,1.2391745345793788,Steady Regulars
CUST1350,18,Female,3.6,25,4,104,Beauty,1,-2.058233803841767,-1.960445744817136,Price-Sensitive / At Risk
CUST1416,39,Male,4.8,19,3,94,Beauty,1,-2.182547252910491,-0.19188778889337,Price-Sensitive / At Risk
CUST1375,29,Female,5.1,16,1,84,Sports,1,-2.2057480575006805,-0.9394072495209662,Price-Sensitive / At Risk
CUST1401,34,Female,4.6,23,5,83,Groceries,1,-1.8086575244021557,-0.6410624351225642,Price-Sensitive / At Risk
CUST1193,51,Female,16.1,41,6,134,Electronics,4,-1.6270842904283949,1.9647522664703676,Affluent Disengaged
CUST1258,38,Male,6.7,75,17,20,Sports,2,0.994008206753498,-0.4502608149636011,Budget Enthusiasts
CUST1495,45,Male,10.4,48,14,35,Home & Kitchen,3,0.1098186348679366,0.647580141409855,Steady Regulars
CUST1340,45,Male,4.0,25,5,109,Electronics,1,-2.155267776450161,0.186801704497337,Price-Sensitive / At Risk
CUST1504,47,Male,12.1,62,10,28,Fashion,3,0.2927705700024547,0.9185916790951132,Steady Regulars
CUST1196,27,Male,6.6,11,6,126,Home & Kitchen,1,-2.4378205259196752,-0.830226663957744,Price-Sensitive / At Risk
CUST1344,23,Male,5.7,29,3,135,Groceries,1,-2.365178100783572,-1.2987126476841286,Price-Sensitive / At Risk
CUST1138,50,Male,20.8,15,6,119,Fashion,4,-1.8453148626017573,2.4893279173743306,Affluent Disengaged
CUST1261,25,Female,5.5,71,15,16,Fashion,2,0.8327322971847618,-1.5801688222921113,Budget Enthusiasts
CUST1039,32,Female,21.2,81,25,12,Fashion,0,2.317136954621067,0.6382205195834348,Premium Loyalists
CUST1463,37,Female,8.5,45,13,49,Home & Kitchen,3,-0.2318544260605789,-0.1423187260470864,Steady Regulars
CUST1202,41,Female,8.3,74,15,7,Electronics,3,1.043475579425335,-0.0604467665311608,Steady Regulars
CUST1481,61,Female,9.7,46,17,21,Electronics,3,0.3452777555857834,1.791696459054574,Steady Regulars
CUST1291,29,Female,4.6,71,11,12,Electronics,2,0.5635523156636375,-1.374636471081659,Budget Enthusiasts
CUST1449,47,Male,9.5,69,9,23,Electronics,3,0.3488427480322717,0.5926028822685876,Steady Regulars
CUST1190,43,Male,8.6,22,6,100,Fashion,4,-1.8676329101604567,0.5343328243656724,Affluent Disengaged
CUST1252,29,Female,6.1,67,25,21,Fashion,2,1.3578667101963962,-1.1823837413734073,Budget Enthusiasts
CUST1113,38,Male,22.3,25,5,96,Electronics,4,-1.298665155785252,1.6376014732786004,Affluent Disengaged
CUST1438,38,Female,12.6,53,11,35,Sports,3,0.1300000754663995,0.327347561757264,Steady Regulars
CUST1184,51,Male,16.9,17,5,56,Fashion,4,-1.2345119346405478,2.008661245299709,Affluent Disengaged
CUST1153,26,Male,16.2,28,4,99,Groceries,4,-1.506002208657732,0.0273400920523274,Affluent Disengaged
CUST1313,23,Male,6.7,57,19,29,Fashion,2,0.6809889061943212,-1.5198863242290557,Budget Enthusiasts
CUST1326,20,Female,5.1,28,1,102,Beauty,1,-2.1222586571954705,-1.6550085591088008,Price-Sensitive / At Risk
CUST1192,46,Female,16.1,38,6,126,Groceries,4,-1.573266429488491,1.574669764063206,Affluent Disengaged
CUST1045,39,Male,17.8,86,26,12,Fashion,0,2.341723260223473,0.7839915895399576,Premium Loyalists
CUST1445,39,Female,9.4,47,15,39,Home & Kitchen,3,0.0948171995686976,0.0833060299520209,Steady Regulars
CUST1276,33,Male,4.1,76,23,27,Home & Kitchen,2,1.2597142732329734,-1.1190962735493712,Budget Enthusiasts
CUST1007,39,Female,18.7,100,21,18,Beauty,0,2.276220973377453,0.8369395342107547,Premium Loyalists
CUST1251,35,Male,4.9,83,16,29,Sports,2,0.9411922878702026,-0.8983532891878104,Budget Enthusiasts
CUST1312,18,Male,4.1,73,15,30,Groceries,2,0.6834316465014876,-2.2594949610013115,Budget Enthusiasts
CUST1076,43,Female,22.6,83,23,14,Electronics,0,2.2059105981722835,1.6420699694148864,Premium Loyalists
CUST1001,40,Female,19.3,80,30,11,Electronics,0,2.539316108896477,1.048837035976834,Premium Loyalists
CUST1429,46,Female,8.7,55,9,25,Fashion,3,-0.0124765639938456,0.4910753790923399,Steady Regulars
CUST1392,30,Female,5.4,22,4,92,Home & Kitchen,1,-1.9630503018230756,-0.8410668527962107,Price-Sensitive / At Risk
CUST1384,35,Male,4.6,26,6,89,Fashion,1,-1.753254733234761,-0.565576404194242,Price-Sensitive / At Risk
CUST1433,39,Female,11.4,51,6,47,Fashion,3,-0.446790396217893,0.3067554573076236,Steady Regulars
CUST1069,44,Female,17.6,80,26,9,Electronics,0,2.2162978008631407,1.1699381418400832,Premium Loyalists
CUST1487,34,Female,12.4,36,14,41,Sports,3,-0.1113517687026082,0.0782592913857749,Steady Regulars
CUST1168,51,Female,12.2,23,2,67,Home & Kitchen,4,-1.6093756385162044,1.4869167672856636,Affluent Disengaged
CUST1393,35,Female,4.4,21,4,62,Electronics,1,-1.6721078180405913,-0.6163682040078983,Price-Sensitive / At Risk
CUST1219,28,Male,6.8,74,20,9,Home & Kitchen,2,1.356247418093346,-1.2331001648717448,Budget Enthusiasts
CUST1043,33,Male,13.0,84,27,13,Groceries,0,2.203392567393599,-0.200814633304853,Premium Loyalists
CUST1367,34,Female,2.8,18,1,157,Sports,1,-3.1697822151908697,-0.6749212662734617,Price-Sensitive / At Risk
CUST1346,26,Male,4.9,32,3,135,Sports,1,-2.340437477807729,-1.1672257160810058,Price-Sensitive / At Risk
CUST1073,32,Male,16.8,94,27,13,Groceries,0,2.568621167677425,0.0975734671077388,Premium Loyalists
CUST1024,37,Male,17.3,70,27,1,Sports,0,2.1791178418239308,0.6213323758099013,Premium Loyalists
CUST1399,35,Female,4.7,14,5,60,Beauty,1,-1.7251967911591073,-0.5573979043394842,Price-Sensitive / At Risk
CUST1186,36,Male,12.0,18,7,88,Groceries,4,-1.587141451379994,0.3603051551107609,Affluent Disengaged
CUST1349,22,Male,6.8,44,1,48,Beauty,1,-1.044549385171297,-1.484307030691125,Price-Sensitive / At Risk
CUST1104,43,Female,16.5,88,17,11,Home & Kitchen,0,1.7296259313279647,0.945196826571391,Premium Loyalists
CUST1408,27,Female,2.4,21,2,139,Electronics,1,-2.797321220431172,-1.309745022452077,Price-Sensitive / At Risk
CUST1212,25,Male,7.0,78,15,25,Beauty,2,0.9318154819812868,-1.4278140000318893,Budget Enthusiasts
CUST1068,35,Female,18.5,82,25,15,Home & Kitchen,0,2.1911218328968425,0.5744887144721319,Premium Loyalists
CUST1503,45,Male,9.0,57,10,35,Electronics,3,-0.0092760692225956,0.4564648051803723,Steady Regulars
CUST1197,53,Male,17.4,25,3,123,Groceries,4,-2.0101857486891337,2.313051105463276,Affluent Disengaged
CUST1176,37,Male,16.8,14,4,131,Beauty,4,-2.239574532929846,1.0680916782452892,Affluent Disengaged
